1,Alabama
2,Texas
3,Notre Dame
4,Florida
5,Miami (FL)
6,Mississippi State
7,Kentucky
8,Texas Tech
9,Missouri
10,Ohio State
11,Indiana
12,Nebraska
13,Oregon
14,Georgia
15,LSU
16,Northwestern
17,Wisconsin
18,Utah
19,UCLA
20,Ole Miss
21,Wake Forest
22,USC
23,Iowa
24,BYU
25,Tennessee
26,Houston
27,Duke
28,Auburn
29,James Madison
30,Pittsburgh
31,Texas A&M
32,Boise State
33,Baylor
34,Minnesota
35,UTSA
36,Arizona
37,Oklahoma State
38,Clemson
39,North Dakota State
40,Michigan State
41,Cincinnati
42,Oregon State
43,UCF
44,SMU
45,Penn State
46,Fresno State
47,North Carolina
48,Vanderbilt
49,Michigan
50,Toledo
51,North Texas
52,Florida State
53,Louisiana
54,Oklahoma
55,Florida Atlantic
56,Iowa State
57,New Mexico
58,Purdue
59,Kansas State
60,NC State
61,Texas State
62,Arkansas
63,Arizona State
64,Virginia Tech
65,South Carolina
66,Liberty
67,Memphis
68,South Florida
69,Georgia State
70,Central Michigan
71,South Alabama
72,Tulsa
73,Louisville
74,Colorado
75,Western Michigan
76,Virginia
77,Ohio
78,Washington
79,Stanford
80,San Diego State
81,Massachusetts
82,Air Force
83,San José State
84,East Carolina
85,Tulane
86,Illinois
87,Louisiana Tech
88,Eastern Michigan
89,App State
90,Troy
91,West Virginia
92,TCU
93,Marshall
94,Kansas
95,Maryland
96,Army
97,Colorado State
98,UNLV
99,Jacksonville State
100,Syracuse
101,Temple
102,California
103,Rice
104,Kent State
105,Miami (OH)
106,Rutgers
107,Georgia Southern
108,UAB
109,Sam Houston
110,Utah State
111,Boston College
112,Florida International
113,Georgia Tech
114,Akron
115,Bowling Green
116,Arkansas State
117,Buffalo
118,Ball State
119,Missouri State
120,Western Kentucky
121,Delaware
122,Wyoming
123,New Mexico State
124,Washington State
125,Kennesaw State
126,Southern Miss
127,UConn
128,Middle Tennessee
129,Old Dominion
130,UTEP
131,Sacramento State
132,Northern Illinois
133,Nevada
134,UL Monroe
135,Hawai'i
136,Navy
137,Charlotte
138,Coastal Carolina
